러, 우크라 서부까지 폭격…빈니차 도심 공격, 23명 사망|https://www.msn.com/ko-kr/news/world/러-우크라-서부까지-폭격-빈니차-도심-공격-23명-사망/ar-AAZAj2B?ocid=EMMX
“공영방송은 편파방송” “MBC 사장 사퇴하라”…국민의힘, 이틀째 ‘언론 비난’|https://www.msn.com/ko-kr/news/politics/공영방송은-편파방송-mbc-사장-사퇴하라-국민의힘-이틀째-언론-비난/ar-AAZAG3Z?ocid=EMMX
6월 수입물가지수 0.5%↑…유가 상승에 2개월 연속 오름세|https://www.msn.com/ko-kr/news/other/6월-수입물가지수-0-5-유가-상승에-2개월-연속-오름세/ar-AAZAfHn?ocid=EMMX
‘신정아 게이트’ 변양균, 윤 대통령 경제고문 맡는다|https://www.msn.com/ko-kr/news/politics/신정아-게이트-변양균-윤-대통령-경제고문-맡는다/ar-AAZzCA3?ocid=EMMX
'보통 월급쟁이' 임금 29% 오를 때 소득세 42% 뛰었다|https://www.msn.com/ko-kr/money/topstories/보통-월급쟁이-임금-29-오를-때-소득세-42-뛰었다/ar-AAZziuf?ocid=EMMX
영국 총리후보 ‘비백인’이 절반…인종적 다양성 ‘눈길’|https://www.msn.com/ko-kr/news/world/영국-총리후보-비백인-이-절반-인종적-다양성-눈길/ar-AAZyA8n?ocid=EMMX
[금리 빅스텝 시대 부동산 긴급 점검(상)]거래절벽에 드리운 하우스푸어 그림자|https://www.msn.com/ko-kr/money/topstories/금리-빅스텝-시대-부동산-긴급-점검-상-거래절벽에-드리운-하우스푸어-그림자/ar-AAZzf2f?ocid=EMMX
윤 대통령 주도로 보이게?… 소득세 개편 주저한 속내|https://www.msn.com/ko-kr/money/topstories/윤-대통령-주도로-보이게-소득세-개편-주저한-속내/ar-AAZA8Iw?ocid=EMMX
"민주 ""원 구성 협상 중단…與, 국회정상화 진정성 없어"""|https://www.msn.com/ko-kr/news/national/민주-원-구성-협상-중단-與-국회정상화-진정성-없어/ar-AAZySxC?ocid=EMMX
“드라마와 비슷하지만 조금 달라요”···우리 곁의 ‘우영우’, 지용씨의 하루|https://www.msn.com/ko-kr/news/national/드라마와-비슷하지만-조금-달라요-우리-곁의-우영우-지용씨의-하루/ar-AAZyQc7?ocid=EMMX
엔하이픈 희승·제이·제이크·니키, 'TMI NEWS SHOW' 출격|https://www.msn.com/ko-kr/entertainment/tv/엔하이픈-희승-제이-제이크-니키-tmi-news-show-출격/ar-AAZyoBr?ocid=EMMX
켄타우로스 달려오는데… 4분의 1로 쪼그라든 병상, 복구는 언제?|https://www.msn.com/ko-kr/news/national/켄타우로스-달려오는데-4분의-1로-쪼그라든-병상-복구는-언제/ar-AAZAAfo?ocid=EMMX
[저녁잇슈] 2022년 7월 14일 목요일|https://www.msn.com/ko-kr/news/other/저녁잇슈-2022년-7월-14일-목요일/ar-AAZyFr9?ocid=EMMX
애널리스트들이 좋아하는 금융 주식|https://www.msn.com/ko-kr/money/listdetails/Strongly%20Rated:%20Financials/fl-de98c55c8f9e?src=fxins&listSrc=MSN%20Money&ver=prod
빨라진 트럼프 대선 시계…9월 조기출마설|https://www.msn.com/ko-kr/news/national/빨라진-트럼프-대선-시계-9월-조기출마설/ar-AAZAIuy?ocid=EMMX
"신수지, 홍윤화에 선전포고 ""안 아프게 넘겨 드릴게"" (씨름의 여왕)"|https://www.msn.com/ko-kr/entertainment/tv/신수지-홍윤화에-선전포고-안-아프게-넘겨-드릴게-씨름의-여왕/ar-AAZAIIj?ocid=EMMX
"자전거타던 70대, 좌회전 차에 그대로 깔려 ""늑골 11개 부러져"""|https://www.msn.com/ko-kr/news/national/자전거타던-70대-좌회전-차에-그대로-깔려-늑골-11개-부러져/ar-AAZAL9z?ocid=EMMX
"산케이신문 난입한 백은종 ""응징취재""…법원 ""업무방해"""|https://www.msn.com/ko-kr/news/national/산케이신문-난입한-백은종-응징취재-법원-업무방해/ar-AAZAYZY?ocid=EMMX
배윤정, 리마인드 웨딩하나? 군살 실종 드레스핏(빼고파)|https://www.msn.com/ko-kr/entertainment/tv/배윤정-리마인드-웨딩하나-군살-실종-드레스핏-빼고파/ar-AAZAWnh?ocid=EMMX
앤디♥이은주, 드디어 바깥 데이트?…럽스타그램하며 “히히”|https://www.msn.com/ko-kr/news/other/앤디-이은주-드디어-바깥-데이트-럽스타그램하며-히히/ar-AAZAKXK?ocid=EMMX
"항공료·환율 급등에 코로나 재확산까지…""해외여행 고민되요"""|https://www.msn.com/ko-kr/money/topstories/항공료-환율-급등에-코로나-재확산까지-해외여행-고민되요/ar-AAZAWVM?ocid=EMMX
"구본환 전 인천공항 사장 '항소심 승소'…""국가기관 계획적 범죄"""|https://www.msn.com/ko-kr/money/topstories/구본환-전-인천공항-사장-항소심-승소-국가기관-계획적-범죄/ar-AAZAxPC?ocid=EMMX
스테이씨, 새 앨범 하이라이트 메들리 공개..타이틀곡은 ‘뷰티풀 몬스터’|https://www.msn.com/ko-kr/entertainment/music/스테이씨-새-앨범-하이라이트-메들리-공개-타이틀곡은-뷰티풀-몬스터/ar-AAZAG9r?ocid=EMMX
코스피, 장중 2,300선 무너지고 환율은 1,320원 돌파|https://www.msn.com/ko-kr/news/national/코스피-장중-2-300선-무너지고-환율은-1-320원-돌파/ar-AAZAO0n?ocid=EMMX
'전파력 최강' 켄타우로스 변이가 뭐길래...?|https://www.msn.com/ko-kr/news/national/전파력-최강-켄타우로스-변이가-뭐길래/ar-AAZABmU?ocid=EMMX
[전문가의 세계 - 이종필의 과학자의 발상법]세계적 수학자가 될 수 있었던 것은 ‘한국형 천재’가 아니었기 때문이다|https://www.msn.com/ko-kr/news/other/전문가의-세계-이종필의-과학자의-발상법-세계적-수학자가-될-수-있었던-것은-한국형-천재-가-아니었기-때문이다/ar-AAZztGe?ocid=EMMX
[속보] GS25 스누피 초코우유에서 세균·대장균 기준치 초과|https://www.msn.com/ko-kr/money/topstories/속보-gs25-스누피-초코우유에서-세균-대장균-기준치-초과/ar-AAZAOs2?ocid=EMMX
