005930|삼성전자|61,300
373220|LG에너지솔루션|385,000
000660|SK하이닉스|101,000
207940|삼성바이오로직스|825,000
005935|삼성전자우|56,500
035420|NAVER|248,500
005380|현대차|189,500
006400|삼성SDI|565,000
051910|LG화학|539,000
000270|기아|81,900
035720|카카오|74,100
068270|셀트리온|184,500
028260|삼성물산|116,000
012330|현대모비스|220,500
005490|POSCO홀딩스|232,500
105560|KB금융|48,650
055550|신한지주|35,700
096770|SK이노베이션|178,000
034730|SK|216,000
066570|LG전자|93,900
323410|카카오뱅크|31,150
015760|한국전력|21,850
003550|LG|77,900
259960|크래프톤|249,000
011200|HMM|24,200
032830|삼성생명|58,800
017670|SK텔레콤|53,700
033780|KT&G|81,800
034020|두산에너빌리티|17,600
051900|LG생활건강|718,000
086790|하나금융지주|36,550
329180|현대중공업|122,000
010950|S-Oil|93,000
009150|삼성전기|140,000
302440|SK바이오사이언스|135,500
018260|삼성에스디에스|133,000
030200|KT|36,800
003490|대한항공|25,550
000810|삼성화재|198,000
003670|포스코케미칼|119,500
377300|카카오페이|68,800
316140|우리금융지주|12,000
010130|고려아연|456,000
036570|엔씨소프트|374,500
011070|LG이노텍|338,000
090430|아모레퍼시픽|136,000
024110|기업은행|9,370
086280|현대글로비스|184,000
009830|한화솔루션|33,650
352820|하이브|154,000
326030|SK바이오팜|77,900
251270|넷마블|70,600
361610|SK아이이테크놀로지|84,700
097950|CJ제일제당|397,000
009540|한국조선해양|82,200
402340|SK스퀘어|41,000
011170|롯데케미칼|169,000
034220|LG디스플레이|15,500
018880|한온시스템|10,150
383220|F&F|141,000
035250|강원랜드|24,750
032640|LG유플러스|12,150
069500|KODEX 200|31,840
088980|맥쿼리인프라|12,450
137310|에스디바이오센서|47,500
011790|SKC|129,500
010140|삼성중공업|5,400
047810|한국항공우주|48,600
021240|코웨이|63,500
004020|현대제철|33,000
000720|현대건설|39,100
005830|DB손해보험|60,700
000100|유한양행|57,700
267250|HD현대|52,800
161390|한국타이어앤테크놀로지|32,900
271560|오리온|102,500
000060|메리츠화재|33,350
006800|미래에셋증권|6,480
180640|한진칼|57,800
128940|한미약품|310,500
028050|삼성엔지니어링|19,350
371460|TIGER 차이나전기차SOLACTIVE|17,065
011780|금호석유|124,000
078930|GS|40,150
004990|롯데지주|33,750
029780|삼성카드|30,500
071050|한국금융지주|61,300
010620|현대미포조선|84,500
005387|현대차2우B|92,400
307950|현대오토에버|122,000
036460|한국가스공사|36,200
020150|일진머티리얼즈|70,600
138040|메리츠금융지주|25,150
282330|BGF리테일|185,500
003410|쌍용C&E|6,290
002790|아모레G|38,400
005940|NH투자증권|9,450
139480|이마트|109,500
016360|삼성증권|33,450
241560|두산밥캣|29,650
001450|현대해상|33,050
028670|팬오션|5,480
008560|메리츠증권|4,540
008930|한미사이언스|40,450
010060|OCI|115,500
008770|호텔신라|69,400
023530|롯데쇼핑|91,600
000120|CJ대한통운|113,500
204320|만도|54,600
030000|제일기획|22,250
007070|GS리테일|24,250
014680|한솔케미칼|223,500
002380|KCC|283,000
006360|GS건설|28,900
272210|한화시스템|13,000
026960|동서|24,450
012750|에스원|63,800
047050|포스코인터내셔널|19,350
122630|KODEX 레버리지|15,165
052690|한전기술|62,200
001040|CJ|77,900
012450|한화에어로스페이스|44,750
005385|현대차우|91,400
047040|대우건설|5,330
064350|현대로템|19,900
069620|대웅제약|187,000
138930|BNK금융지주|6,610
042660|대우조선해양|20,000
133690|TIGER 미국나스닥100|72,130
006280|녹십자|182,500
001440|대한전선|1,695
004170|신세계|214,000
039490|키움증권|80,100
000080|하이트진로|29,900
102110|TIGER 200|31,905
112610|씨에스윈드|48,650
000990|DB하이텍|44,450
252670|KODEX 200선물인버스2X|3,110
051915|LG화학우|254,500
336260|두산퓨얼셀|29,450
088350|한화생명|2,195
285130|SK케미칼|105,500
019170|신풍제약|35,000
081660|휠라홀딩스|30,300
000880|한화|24,250
111770|영원무역|40,000
006260|LS|53,800
157450|TIGER 단기통안채|100,975
004000|롯데정밀화학|65,900
004370|농심|278,500
007310|오뚜기|459,500
360750|TIGER 미국S&P500|13,025
051600|한전KPS|37,200
005070|코스모신소재|54,300
003090|대웅|28,550
214980|KODEX 단기채권PLUS|103,710
011210|현대위아|59,700
093370|후성|17,600
079550|LIG넥스원|73,800
005300|롯데칠성|173,500
298050|효성첨단소재|349,500
004800|효성|74,300
375500|DL이앤씨|40,250
010120|LS ELECTRIC|51,300
014820|동원시스템즈|52,400
069960|현대백화점|65,200
336370|솔루스첨단소재|43,200
249420|일동제약|54,100
381180|TIGER 미국필라델피아반도체나스닥|9,905
175330|JB금융지주|7,330
005850|에스엘|31,000
353200|대덕전자|29,050
120110|코오롱인더|51,800
089860|롯데렌탈|38,800
000210|DL|66,900
381170|TIGER 미국테크TOP10 INDXX|10,600
292150|TIGER TOP10|10,610
042700|한미반도체|13,700
153130|KODEX 단기채권|103,415
273130|KODEX 종합채권(AA-이상)액티브|102,895
298020|효성티앤씨|310,500
009240|한샘|56,500
423160|KODEX KOFR금리액티브(합성)|100,400
102780|KODEX 삼성그룹|8,380
139130|DGB금융지주|7,680
016710|대성홀딩스|79,800
016380|KG스틸|12,750
305720|KODEX 2차전지산업|17,835
330590|롯데리츠|5,070
010780|아이에스동서|39,900
271940|일진하이솔루스|33,700
310970|TIGER MSCI Korea TR|13,105
001230|동국제강|12,650
011000|진원생명과학|15,550
305540|TIGER 2차전지테마|18,050
001120|LX인터내셔널|30,500
017390|서울가스|232,500
000240|한국앤컴퍼니|11,950
278530|KODEX 200TR|10,600
280360|롯데제과|118,000
020560|아시아나항공|14,850
185750|종근당|92,100
017800|현대엘리베이|26,800
365550|ESR켄달스퀘어리츠|5,080
000150|두산|65,300
148020|KBSTAR 200|31,975
003690|코리안리|8,830
001740|SK네트웍스|4,260
012510|더존비즈온|34,750
181710|NHN|28,050
042670|현대두산인프라코어|5,280
031430|신세계인터내셔날|29,100
018670|SK가스|111,000
248070|솔루엠|20,400
178920|PI첨단소재|34,550
233740|KODEX 코스닥150레버리지|8,900
005250|녹십자홀딩스|21,400
268280|미원에스씨|195,500
003240|태광산업|890,000
195870|해성디에스|57,800
073240|금호타이어|3,405
000670|영풍|519,000
530031|삼성 레버리지 WTI원유 선물 ETN|2,325
009900|명신산업|17,800
001800|오리온홀딩스|14,950
300720|한일시멘트|13,450
114800|KODEX 인버스|4,860
214320|이노션|46,100
363280|티와이홀딩스|17,800
381970|케이카|18,850
002840|미원상사|181,000
009420|한올바이오파마|17,150
082640|동양생명|5,520
161890|한국콜마|38,200
014830|유니드|97,000
267260|현대일렉트릭|23,800
079160|CJ CGV|20,800
145720|덴티움|76,800
114090|GKL|13,650
500019|신한 레버리지 WTI원유 선물 ETN(H)|1,690
023590|다우기술|18,700
395400|SK리츠|5,300
192820|코스맥스|72,000
013890|지누스|47,400
006650|대한유화|125,500
032350|롯데관광개발|11,150
039130|하나투어|50,000
006040|동원산업|216,000
069260|TKG휴켐스|19,350
010050|우리종금|901
066575|LG전자우|45,450
005690|파미셀|12,950
034120|SBS|42,300
003230|삼양식품|102,000
267270|현대건설기계|39,000
003540|대신증권|15,100
001680|대상|22,000
192080|더블유게임즈|41,550
005880|대한해운|2,370
005440|현대그린푸드|7,670
089590|제주항공|15,000
950210|프레스티지바이오파마|12,400
020000|한섬|30,200
007700|F&F홀딩스|18,900
241590|화승엔터프라이즈|12,200
294870|HDC현대산업개발|11,200
348950|제이알글로벌리츠|4,440
003850|보령|10,700
272450|진에어|13,950
004690|삼천리|180,000
344820|KCC글라스|45,650
139260|TIGER 200 IT|28,520
003530|한화투자증권|3,375
004490|세방전지|51,000
036420|콘텐트리중앙|37,250
051905|LG생활건강우|340,000
103140|풍산|25,200
091180|KODEX 자동차|18,315
000640|동아쏘시오홀딩스|109,000
006120|SK디스커버리|35,900
003000|부광약품|9,620
284740|쿠쿠홈시스|30,200
005610|SPC삼립|78,500
394670|TIGER 글로벌리튬&2차전지SOLACTIVE(합성)|10,570
003520|영진약품|3,685
152100|ARIRANG 200|32,310
105630|한세실업|16,750
383800|LX홀딩스|8,680
229200|KODEX 코스닥150|11,285
009970|영원무역홀딩스|47,950
005420|코스모화학|18,250
000070|삼양홀딩스|73,600
192650|드림텍|9,310
064960|SNT모티브|42,200
057050|현대홈쇼핑|51,300
357870|TIGER CD금리투자KIS(합성)|50,970
278540|KODEX MSCI Korea TR|10,405
293180|HANARO 200|31,925
049770|동원F&B|155,500
002350|넥센타이어|6,020
192400|쿠쿠홀딩스|16,550
550057|QV 코스피 변동성 매칭형 양매도 ETN|8,250
025540|한국단자|55,200
009450|경동나비엔|39,150
293940|신한알파리츠|7,730
097230|HJ중공업|6,850
003030|세아제강지주|137,500
097520|엠씨넥스|31,650
017960|한국카본|12,900
001060|JW중외제약|25,350
003470|유안타증권|2,790
000370|한화손해보험|4,680
298000|효성화학|170,500
085620|미래에셋생명|3,050
034310|NICE|14,250
007340|DN오토모티브|53,500
001430|세아베스틸지주|14,900
00680K|미래에셋증권2우B|3,810
001720|신영증권|56,500
105190|KINDEX 200|31,920
170900|동아에스티|62,700
210980|SK디앤디|23,700
090435|아모레퍼시픽우|48,950
033240|자화전자|26,150
000400|롯데손해보험|1,660
360200|KINDEX 미국S&P500|13,125
093050|LF|17,300
102460|이연제약|28,100
298040|효성중공업|53,600
196230|KBSTAR 단기통안채|105,245
008730|율촌화학|20,100
005090|SGC에너지|33,950
000815|삼성화재우|156,000
003280|흥아해운|2,050
520009|미래에셋 레버리지 원유선물혼합 ETN(H)|12,010
272580|TIGER 단기채권액티브|50,540
294400|KOSEF 200TR|38,555
004430|송원산업|20,200
357120|코람코에너지리츠|5,450
007570|일양약품|25,200
017810|풀무원|12,450
005390|신성통상|3,295
007810|코리아써키트|19,900
025860|남해화학|9,470
001880|DL건설|21,100
006405|삼성SDI우|287,500
115390|락앤락|9,030
002240|고려제강|20,100
005180|빙그레|46,850
251350|KODEX 선진국MSCI World|19,830
007660|이수페타시스|7,150
033270|유나이티드제약|27,700
315930|KODEX Top5PlusTR|15,705
000230|일동홀딩스|38,850
007690|국도화학|49,450
037560|LG헬로비전|5,700
001530|DI동일|17,200
001820|삼화콘덴서|42,250
053210|스카이라이프|9,090
379800|KODEX 미국S&P500TR|11,490
002320|한진|28,350
123890|한국자산신탁|3,415
286940|롯데정보통신|27,450
145990|삼양사|40,950
306200|세아제강|148,500
183190|아세아시멘트|10,800
006390|한일현대시멘트|23,650
003580|HLB글로벌|9,950
034830|한국토지신탁|1,650
138490|코오롱플라스틱|10,950
003070|코오롱글로벌|16,500
003620|쌍용차|2,770
094800|맵스리얼티1|4,430
004890|동일산업|169,000
003220|대원제약|18,750
030610|교보증권|6,320
009160|SIMPAC|6,230
005950|이수화학|14,550
367380|KINDEX 미국나스닥100|12,375
001725|신영증권우|57,300
190620|KINDEX 단기통안채|100,615
082740|HSD엔진|8,600
314250|KODEX 미국FANG플러스(H)|20,535
071840|롯데하이마트|17,000
364980|TIGER KRX2차전지K-뉴딜|13,065
027410|BGF|4,180
068400|SK렌터카|8,430
385540|KBSTAR KIS종합채권(A-이상)액티브|95,215
012630|HDC|6,640
092220|KEC|2,725
060980|한라홀딩스|37,550
008490|서흥|33,900
018250|애경산업|14,800
148070|KOSEF 국고채10년|110,995
161000|애경케미칼|8,040
069660|KOSEF 200|31,815
371160|TIGER 차이나항셍테크|6,645
058650|세아홀딩스|96,700
011930|신성이엔지|1,875
084010|대한제강|15,650
037270|YG PLUS|6,060
281820|케이씨텍|18,300
251340|KODEX 코스닥150선물인버스|4,925
002900|TYM|2,465
001470|삼부토건|1,995
007460|에이프로젠 MED|1,565
108670|LX하우시스|41,300
016800|퍼시스|31,550
071320|지역난방공사|31,200
322000|현대에너지솔루션|31,900
003545|대신증권우|13,650
226490|KODEX 코스피|24,275
016590|신대양제지|87,700
379810|KODEX 미국나스닥100TR|10,605
329750|TIGER 미국달러단기채권액티브|11,170
000050|경방|12,800
001510|SK증권|740
088260|이리츠코크렙|5,510
001390|KG케미칼|25,150
226320|잇츠한불|15,850
004250|NPC|9,400
271980|제일약품|23,400
009290|광동제약|6,540
010690|화신|9,810
122900|아이마켓코리아|10,150
005500|삼진제약|24,300
130660|한전산업|10,350
055490|테이팩스|71,000
024720|한국콜마홀딩스|17,950
071055|한국금융지주우|56,500
020120|키다리스튜디오|9,000
003300|한일홀딩스|10,650
095570|AJ네트웍스|6,990
075580|세진중공업|5,710
015860|일진홀딩스|6,550
029530|신도리코|31,850
091810|티웨이항공|2,000
000020|동화약품|11,250
002960|한국쉘석유|242,000
293480|하나제약|17,700
002310|아세아제지|35,100
016580|환인제약|16,950
001500|현대차증권|9,880
213500|한솔제지|13,150
00088K|한화3우B|13,900
072710|농심홀딩스|67,300
000480|조선내화|78,000
107590|미원홀딩스|134,000
530068|삼성 레버리지 천연가스 선물 ETN B|31,000
026890|스틱인베스트먼트|7,410
001250|GS글로벌|3,725
002020|코오롱|24,350
117580|대성에너지|11,100
017940|E1|44,450
077970|STX엔진|13,150
002990|금호건설|8,090
001630|종근당홀딩스|59,400
385550|KBSTAR KIS단기종합채권(AA-이상)액티브|100,780
126560|현대퓨처넷|2,695
401470|KODEX K-메타버스액티브|8,365
272550|삼양패키징|18,650
900140|엘브이엠씨홀딩스|2,955
002710|TCC스틸|12,450
400970|TIGER Fn메타버스|8,250
00104K|CJ4우(전환)|69,200
339770|교촌에프앤비|11,700
104700|한국철강|6,850
009680|모토닉|8,740
001200|유진투자증권|2,970
139990|아주스틸|10,850
084690|대상홀딩스|7,920
002150|도화엔지니어링|8,500
011700|한신기계|8,850
001790|대한제당|3,190
081000|일진다이아|20,050
004700|조광피혁|42,800
095720|웅진씽크빅|2,460
000490|대동|11,700
404990|신한서부티엔디리츠|4,980
001520|동양|1,165
005810|풍산홀딩스|26,400
377190|디앤디플랫폼리츠|4,200
006060|화승인더|4,880
298690|에어부산|1,390
001780|알루코|2,990
000140|하이트진로홀딩스|11,500
367770|KBSTAR Fn수소경제테마|9,240
003920|남양유업|369,500
037710|광주신세계|33,100
068290|삼성출판사|26,300
009410|태영건설|6,750
332940|HANARO MSCI Korea TR|13,055
084680|이월드|1,850
001070|대한방직|49,450
214330|금호에이치티|1,315
001570|금양|5,260
001460|BYC|416,500
030210|다올투자증권|4,310
002390|한독|18,850
029460|케이씨|19,100
414780|TIGER 차이나과창판STAR50(합성)|8,360
002030|아세아|117,500
003060|에이프로젠제약|640
009580|무림P&P|4,095
024090|디씨엠|22,400
036530|SNT홀딩스|15,550
011785|금호석유우|83,800
004380|삼익THK|12,050
092230|KPX홀딩스|59,600
290130|KBSTAR ESG사회책임투자|10,740
002810|삼영무역|13,500
213610|KODEX 삼성그룹밸류|8,150
077500|유니퀘스트|9,060
136490|선진|10,400
103590|일진전기|6,680
096760|JW홀딩스|3,500
019680|대교|2,900
143850|TIGER 미국S&P500선물(H)|46,455
200880|서연이화|8,980
005960|동부건설|10,600
006490|인스코비|2,200
394660|TIGER 글로벌자율주행&전기차SOLACTIVE|9,735
002780|진흥기업|1,655
003200|일신방직|99,900
008350|남선알미늄|2,175
329200|TIGER 리츠부동산인프라|5,355
010955|S-Oil우|59,400
105840|우진|11,750
001360|삼성제약|3,545
016450|한세예스24홀딩스|5,900
025000|KPX케미칼|48,700
035150|백산|9,650
035510|신세계 I&C|13,650
001130|대한제분|138,500
033180|KH 필룩스|1,525
000680|LS네트웍스|2,960
364960|TIGER KRX BBIG K-뉴딜|7,730
012610|경인양행|5,580
028100|동아지질|16,500
317400|자이에스앤디|5,970
011280|태림포장|3,240
379780|KBSTAR 미국S&P500|11,345
368590|KBSTAR 미국나스닥100|12,010
079430|현대리바트|11,100
003570|SNT중공업|6,880
397410|KBSTAR 국채선물5년추종인버스|53,070
241180|TIGER 일본니케이225|15,400
007160|사조산업|45,250
031440|신세계푸드|58,300
001940|KISCO홀딩스|13,950
00279K|아모레G3우(전환)|31,750
002460|화성산업|18,050
009155|삼성전기우|77,100
003960|사조대림|24,300
097955|CJ제일제당 우|167,500
194370|제이에스코퍼레이션|16,600
008060|대덕|6,530
001270|부국증권|21,250
044450|KSS해운|9,530
004980|성신양회|8,950
079980|휴비스|6,350
128820|대성산업|4,835
234080|JW생명과학|13,700
039570|HDC랩스|8,330
016610|DB금융투자|5,090
002100|경농|11,000
005389|현대차3우B|88,200
217770|TIGER 원유선물인버스(H)|2,970
006840|AK홀딩스|16,050
006220|제주은행|6,570
013580|계룡건설|23,600
015360|예스코홀딩스|35,100
003120|일성신약|79,100
023450|동남합성|58,200
002620|제일파마홀딩스|13,150
005680|삼영전자|10,500
229640|LS전선아시아|6,800
091160|KODEX 반도체|28,070
004360|세방|10,700
192090|TIGER 차이나CSI300|11,010
417310|코람코더원리츠|5,130
102260|동성케미컬|4,170
058430|포스코스틸리온|34,500
018470|조일알미늄|1,645
002210|동성제약|7,880
120030|조선선재|163,500
101530|해태제과식품|7,060
008040|사조동아원|1,450
100250|진양홀딩스|3,625
011760|현대코퍼레이션|15,300
014280|금강공업|6,920
004310|현대약품|6,260
168580|KINDEX 중국본토CSI300|29,840
282000|KBSTAR 국고채3년선물인버스|103,570
000540|흥국화재|3,095
011500|한농화성|12,700
033920|무학|6,950
008700|아남전자|2,550
006110|삼아알미늄|17,850
407310|HANARO 200 TOP10|8,050
003160|디아이|6,170
070960|용평리조트|4,010
013360|일성건설|3,570
004560|현대비앤지스틸|12,750
000390|삼화페인트|7,080
000430|대원강업|3,075
014160|대영포장|1,755
005720|넥센|3,540
400760|NH올원리츠|4,435
003555|LG우|61,600
015890|태경산업|6,360
000970|한국주철관|8,150
007210|벽산|2,700
091170|KODEX 은행|6,120
001340|백광산업|4,095
000155|두산우|46,000
013570|디와이|6,980
036580|팜스코|4,955
074610|이엔플러스|3,140
168490|한국패러랠|2,230
700001|하나 코스피 변동성추세 추종 양매도 ETN|7,135
005945|NH투자증권우|9,410
334890|이지스밸류리츠|4,835
182480|TIGER 미국MSCI리츠(합성 H)|13,420
132030|KODEX 골드선물(H)|11,445
214390|경보제약|7,320
083420|그린케미칼|7,260
412770|TIGER 글로벌메타버스액티브|6,875
228800|TIGER 여행레저|3,825
004970|신라교역|10,800
271050|KODEX WTI원유선물인버스(H)|4,260
004710|한솔테크닉스|5,390
325020|KODEX 배당가치|11,330
530036|삼성 인버스 2X WTI원유 선물 ETN|115
090350|노루페인트|8,600
063160|종근당바이오|31,350
500053|신한 레버리지 천연가스 선물 ETN|17,195
007860|서연|7,280
02826K|삼성물산우B|105,000
010580|에스엠벡셀|1,530
094280|효성ITX|14,550
275980|TIGER 글로벌4차산업혁신기술(합성 H)|14,740
161510|ARIRANG 고배당주|10,960
248170|샘표식품|36,350
092200|디아이씨|4,250
245710|KINDEX 베트남VN30(합성)|19,880
012030|DB|806
401170|KBSTAR iSelect메타버스|7,415
033530|세종공업|5,760
302450|KBSTAR 코스피|24,460
282690|동아타이어|11,600
002170|삼양통상|53,100
267850|아시아나IDT|14,350
017550|수산중공업|2,945
009270|신원|1,665
295040|SOL 200TR|11,025
010820|퍼스텍|3,295
143860|TIGER 헬스케어|31,000
005010|휴스틸|4,030
015540|쎌마테라퓨틱스|6,410
000700|유수홀딩스|6,000
329650|KODEX TRF3070|10,850
006740|영풍제지|6,980
372910|한컴라이프케어|5,590
326240|KBSTAR IT플러스|16,295
004080|신흥|16,100
006890|태경케미컬|13,150
002700|신일전자|2,140
372330|KODEX 차이나항셍테크|6,650
007540|샘표|52,800
102280|쌍방울|562
014790|한라|3,900
002450|삼익악기|1,625
002140|고려산업|5,910
007280|한국특강|2,430
000320|노루홀딩스|11,000
078520|에이블씨엔씨|5,360
134380|미원화학|66,300
570045|TRUE 레버리지 천연가스 선물 ETN(H)|14,510
409820|KODEX 미국나스닥100레버리지(합성 H)|5,250
008260|NI스틸|5,050
004090|한국석유|11,350
232080|TIGER 코스닥150|11,575
000180|성창기업지주|2,045
000860|강남제비스코|21,850
363570|KODEX 장기종합채권(AA-이상)액티브KAP|87,740
096775|SK이노베이션우|112,000
015230|대창단조|4,890
004140|동방|2,900
003650|미창석유|80,200
009070|KCTC|4,645
308170|센트랄모텍|16,100
003830|대한화섬|104,000
001750|한양증권|10,750
396690|미래에셋글로벌리츠|4,700
004960|한신공영|11,800
004150|한솔홀딩스|3,245
003460|유화증권|2,400
244920|에이플러스에셋|6,010
017900|광전자|2,340
009810|플레이그램|1,495
004720|팜젠사이언스|8,670
091090|세원이앤씨|846
570019|TRUE 코스피 양매도 5% OTM ETN|8,870
003547|대신증권2우B|13,300
003610|방림|3,140
138540|TIGER 현대차그룹+펀더멘털|22,305
210540|디와이파워|11,950
350520|이지스레지던스리츠|4,650
010040|한국내화|3,200
006880|신송홀딩스|11,050
357430|마스턴프리미어리츠|4,910
004540|깨끗한나라|3,490
219480|KODEX 미국S&P500선물(H)|19,065
017040|광명전기|2,970
093230|이아이디|1,365
012800|대창|1,400
520026|미래에셋 코스피 양매도 5% OTM ETN|8,530
008970|동양철관|1,075
053690|한미글로벌|11,650
252710|TIGER 200선물인버스2X|3,255
328370|ARIRANG 코스피TR|12,360
510011|대신 골드 커버드콜 타겟 5%인컴 ETN(H)|12,695
012690|모나리자|3,460
089470|HDC현대EP|3,970
267290|경동도시가스|21,400
014530|극동유화|3,610
33626K|두산퓨얼셀1우|9,390
032560|황금에스티|7,370
009470|삼화전기|18,900
020760|일진디스플|2,455
228810|TIGER 미디어컨텐츠|7,080
091230|TIGER 반도체|28,730
000220|유유제약|7,040
002720|국제약품|6,000
023800|인지컨트롤스|7,900
067830|세이브존I&C|2,940
309230|KINDEX 미국WideMoat가치주|17,740
019175|신풍제약우|54,800
024890|대원화성|2,920
006370|대구백화점|11,100
003480|한진중공업홀딩스|4,045
385560|KBSTAR KIS국고채30년Enhanced|77,785
130730|KOSEF 단기자금|101,325
071970|STX중공업|4,175
005430|한국공항|37,350
100840|SNT에너지|15,700
019440|세아특수강|13,700
411420|KODEX 미국메타버스나스닥액티브|6,865
415340|KODEX 차이나과창판STAR50(합성)|8,370
012200|계양전기|3,585
114260|KODEX 국고채3년|56,410
004060|SG세계물산|577
270810|KBSTAR 코스닥150|11,230
011150|CJ씨푸드|3,225
332930|HANARO 200TR|38,545
017180|명문제약|3,400
003560|IHQ|731
016880|웅진|1,440
002360|SH에너지화학|1,035
273140|KODEX 단기변동금리부채권액티브|103,695
000520|삼일제약|8,380
123690|한국화장품|7,140
069460|대호에이엘|2,200
014580|태경비케이|4,135
101140|인바이오젠|2,135
006380|카프로|2,840
034590|인천도시가스|25,900
009190|대양금속|3,490
150460|TIGER 중국소비테마|6,810
28513K|SK케미칼우|52,900
001290|상상인증권|1,030
002410|범양건영|4,490
069640|한세엠케이|3,695
025750|한솔홈데코|1,375
363510|SOL KIS단기통안채|101,060
152550|한국ANKOR유전|1,580
007110|일신석재|1,415
011690|와이투솔루션|688
006340|대원전선|1,510
010600|웰바이오텍|1,635
264900|크라운제과|8,660
009440|KC그린홀딩스|4,825
380440|엔에이치스팩19호|2,100
005740|크라운해태홀딩스|7,250
023000|삼원강재|2,690
001045|CJ우|47,500
002220|한일철강|4,010
009200|무림페이퍼|2,570
000300|대유플러스|879
092440|기신정기|3,610
03473K|SK우|186,000
002760|보락|1,750
013870|지엠비코리아|5,490
013700|까뮤이앤씨|2,310
002600|조흥|174,000
365780|KINDEX 국고채10년|88,160
001260|남광토건|10,550
000890|보해양조|744
005800|신영와코루|11,450
134790|시디즈|51,400
395170|KODEX Fn Top10동일가중|7,390
570043|TRUE 레버리지 나스닥 100 ETN|20,540
277630|TIGER 코스피|24,640
005320|국동|1,845
047400|유니온머티리얼|2,425
010960|삼호개발|4,060
034300|신세계건설|25,350
002630|오리엔트바이오|855
005870|휴니드|7,150
214420|토니모리|4,190
009460|한창제지|1,685
025820|이구산업|3,000
570022|TRUE 레버리지 S&P500 선물 ETN(H)|20,020
283580|KODEX 차이나CSI300|13,520
163560|동일고무벨트|7,170
245360|TIGER 차이나HSCEI|10,060
419430|KODEX 차이나2차전지MSCI(합성)|11,670
001550|조비|19,100
035000|지투알|5,980
004830|덕성|6,300
278240|KBSTAR 코스닥150선물레버리지|9,650
227840|현대코퍼레이션홀딩스|10,750
003350|한국화장품제조|21,500
002880|대유에이텍|845
016740|두올|2,925
004770|써니전자|2,775
012170|아센디오|1,200
000950|전방|57,400
090370|메타랩스|774
004410|서울식품|256
001080|만호제강|23,050
003010|혜인|7,520
304940|KODEX 미국나스닥100선물(H)|15,530
008250|이건산업|8,720
015590|큐로|412
004440|삼일씨엔에스|7,470
075180|새론오토모티브|4,950
305080|TIGER 미국채10년선물|12,015
002795|아모레G우|14,700
001140|국보|1,190
058730|다스코|5,220
261240|KODEX 미국달러선물|11,570
003780|진양산업|7,230
007590|동방아그로|6,910
016090|대현|2,125
000500|가온전선|22,550
031820|콤텍시스템|772
011810|STX|3,260
261220|KODEX WTI원유선물(H)|17,590
000650|천일고속|65,200
245340|TIGER 미국다우존스30|20,970
078000|텔코웨어|9,540
058850|KTcs|2,160
004840|DRB동일|4,620
417630|TIGER KEDI혁신기업ESG30|9,045
011390|부산산업|86,300
204480|TIGER 차이나CSI300레버리지(합성)|25,880
027740|마니커|1,430
143210|핸즈코퍼레이션|4,135
009180|한솔로지스틱스|3,290
000910|유니온|5,790
009320|대우부품|1,895
044820|코스맥스비티아이|9,410
367760|KBSTAR Fn5G테크|8,045
058860|KTis|2,580
014710|사조씨푸드|5,150
011330|유니켐|1,210
006660|삼성공조|10,850
002200|한국수출포장|22,000
003720|삼영화학|2,580
004270|남성|2,420
155660|DSR|5,470
33637K|솔루스첨단소재1우|10,300
023810|인팩|8,650
338100|NH프라임리츠|4,610
129260|인터지스|2,890
007980|태평양물산|1,775
111110|호전실업|8,740
001560|제일연마|8,500
414270|KINDEX G2전기차&자율주행액티브|9,995
008110|대동전자|8,090
024900|덕양산업|2,590
012160|영흥|832
364970|TIGER KRX바이오K-뉴딜|7,110
357250|미래에셋맵스리츠|4,185
012320|경동인베스트|35,300
071090|하이스틸|4,170
006090|사조오양|8,820
500015|신한 WTI원유 선물 ETN(H)|8,295
118000|초록뱀헬스케어|984
005750|대림B&Co|4,935
004450|삼화왕관|38,150
011090|에넥스|1,375
001020|페이퍼코리아|1,720
100220|비상교육|6,280
000157|두산2우B|91,300
123310|TIGER 인버스|5,415
021820|세원정공|8,090
267770|TIGER 200선물레버리지|11,500
139220|TIGER 200 건설|2,395
004910|조광페인트|6,270
272560|KBSTAR 단기국공채액티브|102,410
023350|한국종합기술|7,270
395750|ARIRANG ESG가치주액티브|7,575
139280|TIGER 경기방어|9,705
337160|KODEX 200ESG|11,735
120115|코오롱인더우|27,800
027970|세하|1,340
400570|KODEX 유럽탄소배출권선물ICE(H)|13,145
010100|한국프랜지|2,525
090080|평화산업|1,385
144600|KODEX 은선물(H)|3,785
119650|KC코트렐|4,250
390950|HANARO 단기채권액티브|100,735
322400|HANARO e커머스|13,300
006980|우성|24,100
133820|화인베스틸|2,500
008420|문배철강|3,620
025620|제이준코스메틱|962
510007|대신 2X 니켈선물 ETN(H)|14,805
325010|KODEX Fn성장|13,445
002920|유성기업|2,840
014440|영보화학|3,680
026940|부국철강|3,670
003080|성보화학|3,630
363580|KODEX 200IT TR|10,820
000850|화천기공|32,950
000040|KR모터스|753
041650|상신브레이크|3,375
015260|에이엔피|2,465
000590|CS홀딩스|62,600
174360|KBSTAR 중국본토대형주CSI100|20,045
049800|우진플라임|3,605
109070|컨버즈|4,100
008870|금비|71,900
023960|에쓰씨엔지니어링|2,300
000725|현대건설우|68,100
37550L|DL이앤씨2우(전환)|33,550
013520|화승코퍼레이션|1,405
085310|엔케이|878
371470|TIGER 차이나바이오테크SOLACTIVE|8,635
069730|DSR제강|4,850
005110|한창|934
005360|모나미|3,635
385510|KODEX K-신재생에너지액티브|9,720
510008|대신 철광석 선물 ETN(H)|34,000
195980|ARIRANG 신흥국MSCI(합성 H)|9,435
023150|MH에탄올|9,160
021050|서원|1,415
157490|TIGER 소프트웨어|10,405
114820|TIGER 국채3년|106,315
006200|한국전자홀딩스|1,430
390390|KODEX 미국반도체MV|9,965
500027|신한 인버스 2X WTI원유 선물 ETN(H)|105
000215|DL우|39,400
000105|유한양행우|56,100
152870|파워 200|32,230
298770|KODEX 한국대만IT프리미어|16,880
001380|SG글로벌|1,460
225040|TIGER 미국S&P500레버리지(합성 H)|24,845
092780|동양피스톤|4,975
570050|TRUE S&P500 선물 ETN|13,065
006805|미래에셋증권우|4,640
422420|KBSTAR 2차전지액티브|8,875
550042|QV 레버리지 WTI원유 선물 ETN(H)|1,625
002690|동일제강|3,190
378850|화승알앤에이|3,375
570044|TRUE 인버스 2X 나스닥 100 ETN|2,135
228790|TIGER 화장품|2,270
009770|삼정펄프|25,400
396510|TIGER 차이나클린에너지SOLACTIVE|10,820
004920|씨아이테크|1,455
200250|KOSEF 인도Nifty50(합성)|17,920
385520|KODEX K-미래차액티브|9,475
423920|TIGER 미국필라델피아반도체레버리지(합성)|9,185
266160|KBSTAR 고배당|10,920
078935|GS우|34,700
014130|한익스프레스|5,160
015020|이스타코|1,440
008600|윌비스|918
302190|TIGER 중장기국채|48,855
139230|TIGER 200 중공업|2,800
570051|TRUE 나스닥 100 ETN|12,195
117700|KODEX 건설|2,650
004870|티웨이홀딩스|554
012280|영화금속|1,135
001275|부국증권우|20,150
37550K|DL이앤씨우|28,500
391600|KINDEX 미국친환경그린테마INDXX|9,870
396500|TIGER Fn반도체TOP10|7,410
388280|KBSTAR Fn컨택트대표|7,770
010640|진양폴리|5,760
002870|신풍제지|1,650
005820|원림|24,800
354350|HANARO 글로벌럭셔리S&P(합성)|15,765
019180|티에이치엔|3,160
002820|SUN&L|4,490
123700|SJM|3,625
580010|KB Wise 분할매매 ETN|9,330
010660|화천기계|2,540
195930|TIGER 유로스탁스50(합성 H)|12,415
005305|롯데칠성우|71,700
387270|TIGER 글로벌BBIG액티브|10,180
530099|삼성 블룸버그 레버리지 WTI원유 선물 ETN|22,060
402970|KINDEX 미국고배당S&P|10,490
006570|대림통상|3,575
530053|삼성 코스피 풋매도 ETN|10,870
001620|케이비아이동국실업|623
007610|선도전기|3,000
500029|신한 레버리지 은 선물 ETN(H)|5,365
005030|부산주공|811
310960|TIGER 200TR|17,240
520004|미래에셋 전기전자 Core5 ETN|26,615
233160|TIGER 코스닥150 레버리지|9,740
014990|인디에프|751
256750|KODEX 차이나심천ChiNext(합성)|12,915
011420|갤럭시아에스엠|1,920
500054|신한 인버스 2X 천연가스 선물 ETN|270
002070|비비안|1,755
099140|KODEX 차이나H|17,365
005257|녹십자홀딩스2우|60,900
261260|KODEX 미국달러선물인버스2X|7,175
145270|케이탑리츠|1,065
155900|바다로19호|3,350
093240|형지엘리트|1,625
397420|KBSTAR 국채선물5년추종|47,660
044380|주연테크|844
419890|히어로즈 단기채권ESG액티브|99,610
004100|태양금속|1,350
122260|KOSEF 통안채1년|100,880
387280|TIGER 퓨처모빌리티액티브|8,850
010400|우진아이엔에스|6,420
009310|참엔지니어링|829
570046|TRUE 인버스 2X 천연가스 선물 ETN(H)|495
269540|ARIRANG 미국S&P500(H)|16,800
411540|SOL 200 Top10|8,255
024070|WISCOM|3,160
204450|KODEX 차이나H레버리지(H)|2,845
010770|평화홀딩스|3,290
315960|KBSTAR 대형고배당10TR|13,880
550068|QV 코스닥 150 ETN|11,835
025560|미래산업|10,600
013000|세우글로벌|1,640
276970|KODEX 미국S&P고배당커버드콜(합성 H)|9,350
017370|우신시스템|2,540
400590|SOL 글로벌탄소배출권선물IHS(합성)|12,220
019685|대교우B|2,380
371450|TIGER 글로벌클라우드컴퓨팅INDXX|8,010
550044|QV 레버리지 S&P500 ETN|22,655
051630|진양화학|3,770
012600|센트럴인사이트|2,490
084670|동양고속|15,550
003465|유화증권우|2,575
500058|신한 S&P500 VIX S/T 선물 ETN C|8,880
570078|TRUE 블룸버그 레버리지 WTI원유 선물 ETN|22,060
025530|SJM홀딩스|2,950
030720|동원수산|9,440
008775|호텔신라우|58,200
368190|HANARO Fn K-뉴딜디지털플러스|8,635
123320|TIGER 레버리지|14,520
072130|유엔젤|3,275
256440|KINDEX 인도네시아MSCI(합성)|9,775
203780|TIGER 미국나스닥바이오|19,280
000760|이화산업|15,250
225800|KOSEF 미국달러선물레버리지|11,620
530019|삼성 미국 대형 성장주 ETN|21,135
018500|동원금속|904
244580|KODEX 바이오|9,900
361580|KBSTAR 200TR|16,680
418660|TIGER 미국나스닥100레버리지(합성)|8,920
530100|삼성 블룸버그 인버스 2X WTI원유 선물 ETN|16,580
530023|삼성 레버리지 China A50 선물 ETN(H)|41,315
570029|TRUE 코스피 양매도 3% OTM ETN|8,250
006125|SK디스커버리우|30,350
530091|삼성 코스피 200 ETN|8,210
385720|TIMEFOLIO Kstock액티브|8,045
570067|TRUE 코스피 200 ETN|8,195
007120|미래아이앤지|315
359210|KODEX 코스피TR|11,320
136340|KBSTAR 중기우량회사채|101,830
009140|경인전자|25,850
520003|미래에셋 원자재 선물 ETN(H)|13,530
356540|KINDEX 종합채권(AA-이상)KIS액티브|93,275
520050|미래에셋 인버스 2X 원유선물혼합 ETN(H)|15,970
088790|진도|3,195
084870|TBH글로벌|1,905
009835|한화솔루션우|35,300
530093|삼성 코스닥 150 ETN|7,920
00499K|롯데지주우|48,500
300640|KBSTAR 게임테마|12,020
365000|TIGER KRX인터넷K-뉴딜|5,890
102970|KODEX 증권|5,880
003680|한성기업|6,230
001420|태원물산|5,070
003475|유안타증권우|2,965
138230|KOSEF 미국달러선물|13,730
341850|TIGER 리츠부동산인프라채권TR KIS|5,260
261270|KODEX 미국달러선물인버스|8,745
530071|삼성 인버스 2X 나스닥 100 ETN(H)|7,530
411060|KINDEX KRX금현물|10,430
117680|KODEX 철강|7,135
33626L|두산퓨얼셀2우B|12,500
530015|삼성 미국 대형 성장주 ETN(H)|18,650
407830|에셋플러스 글로벌플랫폼액티브|5,995
510021|대신 인버스 2X 알루미늄 선물 ETN(H)|37,115
114460|KINDEX 국고채3년|102,500
204210|모두투어리츠|4,710
003535|한화투자증권우|7,670
011300|성안|640
590018|미래에셋 중국 심천 100 ETN|18,200
394350|KOSEF 릭소글로벌퓨처모빌리티MSCI|9,815
002420|세기상사|8,490
001770|SHD|29,800
279530|KODEX 고배당|9,040
014910|성문전자|1,845
530020|삼성 미국 대형 가치주 ETN|17,945
580016|KB 레버리지 S&P 500 선물 ETN(H)|8,945
227540|TIGER 200 헬스케어|19,385
114470|KOSEF 국고채3년|108,000
292190|KODEX KRX300|14,760
003495|대한항공우|31,800
252420|KBSTAR 200선물인버스2X|3,090
284430|KODEX 200미국채혼합|12,180
225030|TIGER 미국S&P500선물인버스(H)|4,070
500050|신한 레버리지 S&P500 선물 ETN|17,045
001465|BYC우|157,500
520034|미래에셋 인버스 2X 은 선물 ETN|33,775
376410|TIGER 탄소효율그린뉴딜|7,850
570062|TRUE 인버스 2X 은 선물 ETN|33,545
108450|KINDEX 삼성그룹섹터가중|13,955
001210|금호전기|1,370
003925|남양유업우|199,000
530014|삼성 China A50 선물 ETN(H)|16,575
570079|TRUE 블룸버그 인버스 2X WTI원유 선물 ETN|16,550
500032|신한 인버스 2X 천연가스 선물 ETN(H)|165
520030|미래에셋 KRX금현물 Auto-KO-C 2312-01 ETN|10,945
266360|KODEX 미디어&엔터테인먼트|14,915
570073|TRUE 인버스 2X 구리 선물 ETN|32,805
033250|체시스|1,025
152380|KODEX 국채선물10년|63,860
404260|KODEX KRX기후변화솔루션|8,560
130680|TIGER 원유선물Enhanced(H)|5,325
520010|미래에셋 원유선물혼합 ETN(H)|32,430
137610|TIGER 농산물선물Enhanced(H)|7,340
550067|QV 코스피 200 ETN|32,245
010420|한솔PNS|1,570
760001|키움 미국달러선물 ETN|10,665
500037|신한 레버리지 금 선물 ETN|15,975
336160|KBSTAR 금융채액티브|99,705
332500|KINDEX 200TR|19,815
550066|QV S&P500 버퍼10% 9월 ETN|10,470
266370|KODEX IT|16,440
011230|삼화전자|2,980
530016|삼성 미국 대형 가치주 ETN(H)|15,430
610029|메리츠 인버스 2X 구리 선물 ETN(H)|30,780
304780|HANARO 200선물레버리지|16,610
550070|QV 인버스 레버리지 구리 선물 ETN(H)|30,655
381560|HANARO Fn전기&수소차|7,680
700010|하나 인버스 2X 구리 선물 ETN(H)|30,160
025890|한국주강|2,655
326230|KBSTAR 내수주플러스|8,185
404540|TIGER KRX기후변화솔루션|8,635
610017|메리츠 인버스 2X 은 선물 ETN(H)|29,765
550065|QV 인버스 레버리지 은 선물 ETN(H)|29,705
500020|신한 레버리지 다우존스지수 선물 ETN(H)|29,680
248270|TIGER S&P글로벌헬스케어(합성)|19,605
500004|신한 브렌트원유 선물 ETN(H)|14,690
071950|코아스|949
500018|신한 구리 선물 ETN(H)|14,330
306520|HANARO 200선물인버스|11,215
096300|베트남개발1|207
399110|SOL 미국S&P500ESG|10,130
304660|KODEX 미국채울트라30년선물(H)|9,770
266420|KODEX 헬스케어|13,495
500035|신한 레버리지 미국달러 선물 ETN|14,160
304770|HANARO 코스닥150|11,285
236350|TIGER 인도니프티50레버리지(합성)|23,045
287180|ARIRANG 미국나스닥테크|20,665
219390|KBSTAR 미국S&P원유생산기업(합성 H)|5,640
580018|KB 레버리지 항셍테크 선물 ETN(H)|2,530
337140|KODEX 코스피대형주|11,585
243880|TIGER 200IT레버리지|34,630
169950|KODEX 차이나A50|21,250
520042|미래에셋 코스닥150 Auto-KO-P 2212-01 ETN|13,770
520045|미래에셋 K200 Auto-KO-P 2212-01 ETN|13,730
004255|NPC우|5,200
332620|ARIRANG 미국장기우량회사채|91,495
267450|KBSTAR 미국장기국채선물인버스(H)|9,135
700013|하나 레버리지 콩 선물 ETN(H)|27,175
434960|대신343 K200|31,755
530061|삼성 레버리지 은 선물 ETN(H)|8,915
33637L|솔루스첨단소재2우B|14,000
210780|TIGER 코스피고배당|13,100
530055|삼성 레버리지 금 선물 ETN(H)|26,130
008500|일정실업|21,750
239660|ARIRANG 우량회사채50 1년|108,640
35320K|대덕전자1우|12,400
010145|삼성중공우|226,000
500016|신한 금 선물 ETN(H)|12,850
520006|미래에셋 에너지화학 Core5 ETN|12,795
570070|TRUE 인버스 2X 플래티넘 선물 ETN|25,430
004365|세방우|6,850
530067|삼성 KRX 금현물 ETN|12,635
375770|KODEX 탄소효율그린뉴딜|7,845
500023|신한 콩 선물 ETN(H)|12,495
250780|TIGER 코스닥150선물인버스|5,035
269420|KODEX S&P글로벌인프라(합성)|14,080
396520|TIGER 차이나반도체FACTSET|7,400
570066|TRUE 인버스 2X 베트남 VN30 선물 ETN(H)|24,775
332610|ARIRANG 미국단기우량회사채|107,700
145210|다이나믹디자인|4,680
217780|TIGER 차이나CSI300인버스(합성)|7,690
007815|코리아써우|8,250
388420|KBSTAR 비메모리반도체액티브|7,780
570060|TRUE 인버스 2X 금 선물 ETN|24,290
520046|미래에셋 레버리지 옥수수 선물 ETN|24,215
520038|미래에셋 인버스 코스피200 선물 ETN|11,930
580020|KB 천연가스 선물 ETN(H)|23,820
140910|에이리츠|5,330
510016|대신 천연가스 선물 ETN(H)|23,760
019490|하이트론|2,470
500061|신한 인버스 코스피 200 선물 ETN|11,845
395760|ARIRANG ESG성장주액티브|7,515
428560|KODEX 미국ETF산업Top10 Indxx|10,520
138520|TIGER 삼성그룹펀더멘털|10,185
385590|KINDEX ESG액티브|7,150
550061|QV 인버스 미국 IT TOP5 ETN(H)|11,675
319640|TIGER 골드선물(H)|12,260
365040|TIGER AI코리아그로스액티브|10,990
520035|미래에셋 KRX금 Auto-KO-C(참200) 2210 ETN|11,430
280930|KODEX 미국러셀2000(H)|11,720
114100|KBSTAR 국고채3년|108,635
139270|TIGER 200 금융|5,870
530062|삼성 인버스 2X 은 선물 ETN(H)|2,270
500063|신한 인버스 코스닥 150 선물 ETN|11,335
520040|미래에셋 인버스 코스닥150 선물 ETN|11,325
385600|KINDEX 친환경자동차밸류체인액티브|9,050
377990|TIGER Fn신재생에너지|8,355
610035|메리츠 레버리지 대표 농산물 선물 ETN(H)|22,470
409810|KODEX 미국나스닥100선물인버스(H)|12,480
364990|TIGER KRX게임K-뉴딜|6,955
500041|신한 인버스 2X 구리 선물 ETN|4,445
500065|신한 블룸버그 레버리지 WTI원유 선물 ETN|22,110
700015|하나 S&P 레버리지 WTI원유 선물 ETN|22,070
550071|QV 블룸버그 2X WTI원유선물 ETN|22,060
530102|삼성 인버스 2X 천연가스 선물 ETN C|22,055
001685|대상우|16,050
510015|대신 밀 선물 ETN(H)|10,970
276650|KBSTAR 글로벌4차산업IT(합성 H)|18,280
520014|미래에셋 미디어엔터 Core5 ETN|10,890
000225|유유제약1우|9,590
610013|메리츠 인버스 2X 금 선물 ETN(H)|21,705
700011|하나 레버리지 옥수수 선물 ETN(H)|21,630
530066|삼성 코스피 풋매도 4% OTM ETN|10,770
329660|KODEX TRF5050|11,910
218420|KODEX 미국S&P에너지(합성)|10,990
252000|TIGER 200동일가중|10,675
550063|QV 인버스 레버리지 금 선물 ETN(H)|21,255
277540|KINDEX 아시아TOP50S&P|12,825
610002|메리츠 레버리지 인플레이션 국채 ETN|10,535
580036|KB S&P 레버리지 WTI원유 선물 ETN(H)|20,835
610041|메리츠 블룸버그 레버리지 WTI선물 ETN(H)|20,800
000087|하이트진로2우B|18,350
610001|메리츠 인플레이션 국채 ETN|10,340
530064|삼성 인버스 2X 구리 선물 ETN(H)|4,125
329670|KODEX TRF7030|12,870
500013|신한 옥수수 선물 ETN(H)|10,260
237370|KODEX 배당성장채권혼합|11,400
160580|TIGER 구리실물|8,710
395290|HANARO Fn K-POP&미디어|7,865
117460|KODEX 에너지화학|14,575
230480|KOSEF 미국달러선물인버스2X|6,295
500017|신한 은 선물 ETN(H)|10,110
108675|LX하우시스우|19,500
36328K|티와이홀딩스우|16,000
385710|TIMEFOLIO 이노베이션액티브|7,900
001795|대한제당우|3,050
550059|QV iSelect 글로벌 EMP ETN(H)|9,815
570059|TRUE 레버리지 금 선물 ETN|19,610
174350|TIGER 로우볼|11,090
426150|WOORI 대한민국국고채액티브|50,830
500009|신한 다우존스지수 선물 ETN(H)|19,295
140710|KODEX 운송|5,355
261250|KODEX 미국달러선물레버리지|12,185
292160|TIGER KRX300|14,795
030790|비케이탑스|904
610003|메리츠 미국 인플레이션 국채 ETN(H)|9,495
500001|신한 K200 USD 선물 바이셀 ETN|9,440
181480|KINDEX 미국다우존스리츠(합성 H)|85,700
168300|KTOP 코스피50|22,200
265690|KINDEX 러시아MSCI(합성)|10,070
530081|삼성 레버리지 항셍테크 ETN(H)|3,085
520013|미래에셋 Q150 Core5 ETN|9,100
000075|삼양홀딩스우|59,800
300950|KODEX 게임산업|9,065
520036|미래에셋 KRX 금Auto-KO-P(참100) 2210 ETN|9,030
401590|HANARO 글로벌탄소배출권선물ICE(합성)|12,020
002025|코오롱우|16,750
252400|KBSTAR 200선물레버리지|13,800
550060|QV S&P500 VIX S/T 선물 ETN C|8,935
308620|KODEX 미국채10년선물|11,800
610004|메리츠 미국레버리지 인플레이션국채ETN(H)|8,840
38380K|LX홀딩스1우|12,050
002355|넥센타이어1우B|2,700
395280|HANARO Fn K-게임|5,570
550041|QV 미국 IT TOP5 ETN(H)|24,740
530070|삼성 레버리지 나스닥 100 ETN(H)|8,650
18064K|한진칼우|32,150
140700|KODEX 보험|6,375
237350|KODEX 코스피100|24,585
550062|QV 레버리지 금 선물 ETN(H)|17,160
395160|KODEX Fn시스템반도체|7,430
352560|KODEX 다우존스미국리츠(H)|13,135
610012|메리츠 레버리지 금 선물 ETN(H)|17,060
520039|미래에셋 코스닥150 선물 ETN|8,320
520037|미래에셋 코스피200 선물 ETN|8,280
580037|KB S&P 인버스 2X WTI원유 선물 ETN|16,555
500066|신한 블룸버그 인버스 2X WTI원유 선물 ETN|16,530
550072|QV 블룸버그 -2X WTI원유선물 ETN|16,585
700016|하나 S&P 인버스 2X WTI원유 선물 ETN|16,500
520047|미래에셋 인버스 2X 옥수수 선물 ETN|16,500
500030|신한 인버스 2X 은 선물 ETN(H)|3,295
360140|KODEX 200롱코스닥150숏선물|10,260
500060|신한 코스피 200 ETN|8,170
271060|KODEX 3대농산물선물(H)|12,015
213630|ARIRANG 미국다우존스고배당주(합성 H)|15,730
289260|TIGER MSCI KOREA ESG리더스|8,700
510019|대신 인버스 천연가스 선물 ETN(H)|3,230
000885|한화우|33,450
570069|TRUE 레버리지 플래티넘 선물 ETN|15,970
400580|SOL 유럽탄소배출권선물S&P(H)|13,305
276990|KODEX 글로벌4차산업로보틱스(합성)|14,610
354500|KINDEX 코스닥150|11,370
500064|신한 FnGuide 폐기물처리 ETN|7,935
211900|KODEX 배당성장|12,645
610006|메리츠 인버스 2X KRX300 선물 ETN|15,790
500062|신한 코스닥 150 ETN|7,895
570058|TRUE 인버스 은 선물 ETN|15,775
610042|메리츠 블룸버그 인버스 2X WTI선물 ETN(H)|15,600
139250|TIGER 200 에너지화학|14,990
510005|대신 2X 아연선물 ETN(H)|7,780
102960|KODEX 기계장비|4,955
251590|ARIRANG 고배당저변동50|10,650
253250|KOSEF 200선물레버리지|13,660
300610|TIGER K게임|10,280
610010|메리츠 인버스 2X 국채30년 ETN|15,340
245350|TIGER 유로스탁스배당30|10,885
289040|KODEX MSCI KOREA ESG유니버설|9,515
570053|TRUE 인버스 플래티넘 선물 ETN|15,085
580033|KB 인버스 2X 구리 선물 ETN(H)|29,990
580027|KB 인버스 2X 은 선물 ETN(H)|29,860
429760|ARIRANG 미국S&P500|9,915
373790|KOSEF 미국방어배당성장나스닥|13,450
700012|하나 인버스 2X 옥수수 선물 ETN(H)|14,775
510009|대신 인버스 철광석 선물 ETN(H)|1,340
292730|FOCUS KRX300|14,675
530076|삼성 인버스 2X HSCEI ETN(H)|14,605
610036|메리츠 인버스 2X 대표 농산물 선물 ETN(H)|14,455
580019|KB 인버스 2X 항셍테크 선물 ETN|14,450
266410|KODEX 필수소비재|7,225
153270|KOSEF 코스피100|24,030
570074|TRUE S&P 유럽탄소배출권 선물 ETN(H)|14,305
610030|메리츠 S&P 유럽탄소배출권 선물 ETN(H)|14,290
550043|QV 인버스 레버리지 WTI원유 선물 ETN(H)|95
411720|KBSTAR 글로벌메타버스Moorgate|7,915
433330|SOL 미국S&P500|10,870
610031|메리츠 S&P 유럽탄소배출권 선물 ETN|14,020
500059|신한 FnGuide 메타버스 ETN|6,995
520015|미래에셋 인버스 미디어엔터 Core5 ETN|13,955
500014|신한 인버스 옥수수 선물 ETN(H)|6,970
411050|KINDEX 글로벌메타버스테크액티브|6,960
182490|TIGER 단기선진하이일드(합성 H)|11,595
520043|미래에셋 S&P 유럽탄소배출권 선물 ETN|13,900
122090|ARIRANG 코스피50|22,060
570065|TRUE 레버리지 베트남 VN30 선물 ETN(H)|13,870
570047|TRUE FTSE100 ETN|13,850
183700|KBSTAR 채권혼합|57,690
500006|신한 인버스 금 선물 ETN(H)|6,880
227830|ARIRANG 코스피|24,870
500040|신한 레버리지 구리 선물 ETN|13,600
510003|대신 니켈선물 ETN(H)|19,395
500008|신한 인버스 구리 선물 ETN(H)|6,780
253290|KBSTAR 헬스케어채권혼합|11,220
500002|신한 USD K200 선물 바이셀 ETN|6,710
500024|신한 인버스 콩 선물 ETN(H)|6,695
580021|KB 인버스 천연가스 선물 ETN|5,315
433970|KODEX TDF2030액티브|10,230
295020|KBSTAR 국채선물10년인버스|52,235
241390|KBSTAR V&S셀렉트밸류채권혼합|11,045
276000|TIGER 글로벌자원생산기업(합성 H)|13,945
360150|KODEX 코스닥150롱코스피200숏선물|8,830
331910|KOSEF Fn중소형|19,995
419420|KODEX 미국클린에너지나스닥|9,425
253160|ARIRANG 200선물인버스2X|6,255
422260|VITA MZ소비액티브|7,715
285690|FOCUS ESG리더스|9,575
500003|신한 인버스 WTI원유 선물 ETN(H)|2,585
530074|삼성 인버스 HSCEI ETN(H)|12,865
223190|KODEX 200가치저변동|9,180
238720|KINDEX 일본Nikkei225(H)|18,205
413220|SOL 차이나태양광CSI(합성)|10,595
610015|메리츠 인버스 은 선물 ETN(H)|12,585
530090|삼성 인버스 은 선물 ETN(H)|12,555
610009|메리츠 인버스 국채30년 ETN|12,540
610027|메리츠 인버스 구리 선물 ETN(H)|12,515
700014|하나 인버스 2X 콩 선물 ETN(H)|12,510
530096|삼성 인버스 구리 선물 ETN(H)|12,465
009415|태영건설우|9,570
196030|KINDEX 일본TOPIX레버리지(H)|20,705
289670|ARIRANG 국채선물10년|51,685
412570|TIGER KRX2차전지K-뉴딜레버리지|5,635
610025|메리츠 인버스 2X 미국채10년 ETN(H)|12,330
145995|삼양사우|33,300
404120|TIMEFOLIO 탄소중립액티브|8,180
211560|TIGER 배당성장|15,730
227570|TIGER 우량가치|9,965
570056|TRUE 인버스 금 선물 ETN|12,240
426030|TIMEFOLIO 미국나스닥100액티브|10,115
007575|일양약품우|27,250
292560|TIGER 일본엔선물|9,305
570072|TRUE 레버리지 구리 선물 ETN|12,095
322410|HANARO 고배당|10,065
530080|삼성 인버스 항셍테크 ETN(H)|12,070
316670|KOSEF 코스닥150|5,655
426020|TIMEFOLIO 미국S&P500액티브|9,990
530092|삼성 인버스 코스피 200 선물 ETN|11,920
306950|KODEX KRX300레버리지|11,885
001515|SK증권우|3,035
500011|신한 달러인덱스 선물 ETN(H)|11,820
200030|KODEX 미국S&P산업재(합성)|20,500
520033|미래에셋 레버리지 은 선물 ETN|11,760
570061|TRUE 레버리지 은 선물 ETN|11,760
500036|신한 인버스 2X 미국달러 선물 ETN|5,870
337150|KODEX 200exTOP|10,670
570048|TRUE 유로스탁스50 양매도 5% OTM ETN(H)|11,730
225130|KINDEX 골드선물 레버리지(합성 H)|14,650
500007|신한 인버스 은 선물 ETN(H)|5,845
570049|TRUE S&P500 양매도 4% OTM ETN(H)|11,620
251600|ARIRANG 고배당주채권혼합|10,500
248260|TIGER 일본TOPIX헬스케어(합성)|11,455
413930|WOORI AI ESG액티브|8,175
138530|TIGER LG그룹+펀더멘털|8,510
570064|TRUE 인버스 베트남 VN30 선물 ETN(H)|11,400
289250|TIGER MSCI KOREA ESG유니버설|9,500
510006|대신 인버스 니켈선물 ETN(H)|1,995
530094|삼성 인버스 코스닥 150 선물 ETN|11,340
510023|대신 S&P 인버스 WTI원유 선물 ETN|11,305
429000|TIGER 미국S&P500배당귀족|9,825
570028|TRUE 인버스 HSCEI ETN(H) B|11,285
700008|하나 인버스 코스닥150 선물 ETN|11,280
00806K|대덕1우|9,290
399580|KBSTAR 글로벌클린에너지S&P|9,370
435040|KINDEX 글로벌브랜드TOP10블룸버그|10,220
390400|KODEX 미국스마트모빌리티S&P|7,020
433220|에셋플러스 글로벌대장장이액티브|10,210
415760|SOL 차이나육성산업액티브(합성)|8,600
610024|메리츠 인버스 미국채10년 ETN(H)|11,150
244670|KODEX 밸류Plus|7,945
570023|TRUE 인버스 2X S&P500 선물 ETN(H)|2,220
570077|TRUE 블룸버그 WTI원유 선물 ETN|11,090
530098|삼성 블룸버그 WTI원유 선물 ETN|11,085
219900|KINDEX 중국본토CSI300레버리지(합성)|4,615
091220|TIGER 은행|6,420
530063|삼성 레버리지 구리 선물 ETN(H)|11,000
610021|메리츠 인버스 2X 국채10년 ETN|10,995
530082|삼성 인버스 2X 항셍테크 ETN(H)|10,985
580017|KB 인버스 2X S&P 500 선물 ETN|10,940
610028|메리츠 레버리지 구리 선물 ETN(H)|10,915
428510|KODEX 차이나메타버스액티브|10,890
272910|KINDEX 중장기국공채액티브|96,005
610034|메리츠 대표 농산물 선물 ETN(H)|10,820
104530|KOSEF 고배당|8,015
421320|ARIRANG iSelect우주항공&UAM|8,970
570055|TRUE 금 선물 ETN|10,725
407820|에셋플러스 코리아플랫폼액티브|6,685
140950|파워 코스피100|24,255
418670|TIGER 글로벌사이버보안INDXX|10,260
500055|신한 인버스 Russell 2000 ETN|10,635
580023|KB 인버스 2X 금 선물 ETN(H)|21,230
580035|KB S&P 유럽탄소배출권 선물 ETN(H)|10,595
580013|KB KRX ESG Eco ETN|10,570
700009|하나 레버리지 구리 선물 ETN(H)|10,545
530101|삼성 FnGuide 웹 3.0 ETN|10,535
610020|메리츠 인버스 국채10년 ETN|10,530
550069|QV 레버리지 구리 선물 ETN(H)|10,525
292500|SOL KRX300|14,920
285000|KBSTAR 200IT|12,735
005725|넥센우|2,895
530084|삼성 인버스 금 선물 ETN(H)|10,415
510018|대신 인버스 알루미늄 선물 ETN(H)|10,405
580015|KB 레버리지 나스닥 100 ETN|10,400
530078|삼성 인버스 나스닥 100 ETN(H)|10,395
278620|ARIRANG 단기채권액티브|105,995
368680|KODEX Fn K-뉴딜디지털플러스|8,645
610016|메리츠 레버리지 은 선물 ETN(H)|10,370
550064|QV 레버리지 은 선물 ETN(H)|10,365
520007|미래에셋 인버스 에너지화학 Core5 ETN|5,170
510014|대신 알루미늄 선물 ETN(H)|10,320
250730|KBSTAR 차이나HSCEI(H)|8,590
138910|KODEX 구리선물(H)|6,060
195920|TIGER 일본TOPIX(합성 H)|16,090
435420|TIGER 미국나스닥100TR채권혼합Fn|10,295
433500|KINDEX 원자력테마딥서치|11,400
580011|KB FnGuide 언택트 ETN|10,215
610040|메리츠 인버스 2X 미국채30년 ETN(H)|10,210
530056|삼성 인버스 2X 금 선물 ETN(H)|10,200
500056|신한 레버리지 Russell 2000 ETN|10,190
279540|KODEX 최소변동성|10,135
430500|KOSEF 물가채KIS|101,330
004835|덕성우|7,280
610039|메리츠 인버스 미국채30년 ETN(H)|10,120
423170|SOL 한국형글로벌반도체액티브|9,175
229720|KODEX KTOP30|16,650
354240|KBSTAR 미국고정배당우선증권ICE TR|10,455
104520|KOSEF 블루칩|8,245
225050|TIGER 유로스탁스레버리지(합성 H)|7,025
610037|메리츠 미국채30년 ETN(H)|9,825
292050|KBSTAR KRX300|14,990
429010|TIGER 미국나스닥넥스트100|10,255
310080|KBSTAR 중국MSCI China(H)|9,275
185680|KODEX 미국S&P바이오(합성)|23,780
253150|ARIRANG 200선물레버리지|27,545
000995|DB하이텍1우|85,700
225060|TIGER 이머징마켓MSCI레버리지(합성 H)|7,740
610038|메리츠 레버리지 미국채30년 ETN(H)|9,585
610018|메리츠 국채10년 ETN|9,570
004985|성신양회우|13,000
139660|KOSEF 미국달러선물인버스|9,105
510020|대신 2X 알루미늄 선물 ETN(H)|9,500
012205|계양전기우|6,770
139240|TIGER 200 철강소재|7,400
261070|TIGER 코스닥150바이오테크|8,525
530083|삼성 금 선물 ETN(H)|9,365
375760|HANARO 탄소효율그린뉴딜|7,785
610011|메리츠 금 선물 ETN(H)|9,330
272570|KBSTAR 중장기국공채액티브|99,190
433250|UNICORN R&D 액티브|10,335
101280|KODEX 일본TOPIX100|15,490
500028|신한 인버스 2X 다우존스지수 선물 ETN(H)|2,320
610032|메리츠 CSI 300 ETN|9,275
429980|SOL 한국형글로벌전기차&2차전지액티브|10,220
138920|KODEX 콩선물(H)|13,090
280320|KINDEX 미국IT인터넷S&P(합성 H)|11,435
570054|TRUE 레버리지 유로스탁스50 ETN(H) B|9,140
436180|ARIRANG K-유니콘투자기업액티브|10,135
403790|마이다스 KoreaStock액티브|17,305
143460|KINDEX 밸류대형|8,230
530002|삼성 인버스 China A50 선물 ETN(H)|9,050
100910|KOSEF KRX100|5,000
580014|KB 인버스 2X 나스닥 100 ETN|8,995
429990|SOL 한국형글로벌플랫폼&메타버스액티브|9,990
270800|KBSTAR KQ고배당|12,825
610019|메리츠 레버리지 국채10년 ETN|8,960
610022|메리츠 미국채10년 ETN(H)|8,930
395150|KODEX Fn웹툰&드라마|6,375
084695|대상홀딩스우|9,740
510022|대신 S&P WTI원유 선물 ETN|8,875
292750|ARIRANG KRX300|14,695
261140|TIGER 우선주|10,750
316300|KINDEX 싱가포르리츠|12,590
352540|KODEX TSE일본리츠(H)|12,560
500057|신한 인버스 2X Russell 2000 ETN|8,775
530077|삼성 나스닥 100 ETN(H)|8,775
364690|KODEX 혁신기술테마액티브|10,955
295000|KBSTAR 국채선물10년|50,925
570080|TRUE FnGuide IoT ETN|8,745
26490K|크라운제과우|11,250
395270|HANARO Fn K-반도체|8,225
269370|TIGER S&P글로벌인프라(합성)|12,300
580022|KB 레버리지 금 선물 ETN(H)|17,185
261110|TIGER 미국달러선물레버리지|12,265
530060|삼성 코스피 양매도 5% OTM ETN|8,525
291130|KINDEX 멕시코MSCI(합성)|10,655
145850|TREX 펀더멘탈 200|34,080
570063|TRUE 베트남 VN30 선물 ETN(H)|8,460
003075|코오롱글로벌우|27,000
700002|하나 KRX300 ETN|8,430
014825|동원시스템즈우|31,550
434730|HANARO 원자력iSelect|10,450
580029|KB 인버스 KOSPI 200 선물 ETN|11,905
307010|KBSTAR KRX300레버리지|11,890
001755|한양증권우|15,850
500012|신한 인버스 달러인덱스 선물 ETN(H)|8,315
570071|TRUE 구리 선물 ETN|8,310
244620|KODEX 모멘텀Plus|10,375
416090|KINDEX 중국과창판STAR50|8,260
500010|신한 인버스 다우존스지수 선물 ETN(H)|4,125
410870|TIMEFOLIO K컬처액티브|6,875
700007|하나 코스닥150 선물 ETN|8,215
108590|TREX 200|32,695
004105|태양금속우|2,475
252650|KODEX 200동일가중|10,155
417450|KBSTAR 글로벌수소경제Indxx|9,545
570032|TRUE 인버스 2X HSCEI ETN(H)|8,040
391590|KINDEX 미국스팩&IPO INDXX|6,715
510002|대신 아연선물 ETN(H)|11,500
570052|TRUE 플래티넘 선물 ETN|8,030
402460|HANARO Fn K-메타버스MZ|7,645
373530|ARIRANG 신흥국MSCI인버스(합성 H)|11,130
367740|HANARO Fn5G산업|11,445
580031|KB 인버스 KOSDAQ150 선물 ETN|11,350
570068|TRUE 코스닥 150 ETN|7,925
610007|메리츠 국채30년 ETN|7,900
570057|TRUE 은 선물 ETN|7,885
530097|삼성 알루미늄 선물 ETN|7,880
432840|HANARO 미국S&P500|9,825
610023|메리츠 레버리지 미국채10년 ETN(H)|7,855
152500|KINDEX 레버리지|6,030
432850|HANARO 글로벌백신치료제MSCI|10,345
434060|KODEX TDF2050액티브|10,310
530072|삼성 S&P500 VIX S/T 선물 ETN(H) C|7,705
433850|ARIRANG TDF2030액티브|10,245
433980|KODEX TDF2040액티브|10,245
407160|MASTER 테크미디어텔레콤액티브|8,085
433860|ARIRANG TDF2040액티브|10,235
253230|KOSEF 200선물인버스2X|3,095
433870|ARIRANG TDF2050액티브|10,200
435550|히어로즈 TDF2050액티브|10,195
433880|ARIRANG TDF2060액티브|10,120
014285|금강공업우|12,850
610033|메리츠 STAR 50 ETN|7,575
375270|KBSTAR 글로벌데이터센터리츠나스닥(합성)|11,650
435540|히어로즈 TDF2040액티브|10,095
256450|ARIRANG 심천차이넥스트(합성)|12,610
333970|ARIRANG KS밸류가중TR|13,765
156080|KODEX MSCI Korea|15,115
167860|KOSEF 국고채10년레버리지|107,935
435530|히어로즈 TDF2030액티브|10,060
530095|삼성 구리 선물 ETN(H)|7,490
610026|메리츠 구리 선물 ETN(H)|7,465
137930|마이다스 200커버드콜5%OTM|12,430
424460|HANARO 글로벌워터MSCI(합성)|9,315
530089|삼성 은 선물 ETN(H)|7,435
090355|노루페인트우|16,050
131890|KINDEX 삼성그룹동일가중|14,865
610014|메리츠 은 선물 ETN(H)|7,420
189400|ARIRANG 글로벌MSCI(합성 H)|14,540
205720|KINDEX 일본TOPIX인버스(합성 H)|4,110
510017|대신 2X 철광석 선물 ETN(H)|7,395
001067|JW중외제약2우B|71,600
275290|KODEX MSCI밸류|10,480
530087|삼성 KRX 2차전지 K-뉴딜 ETN|7,330
004415|서울식품우|3,295
002995|금호건설우|25,000
237440|TIGER 경기방어채권혼합|9,100
183710|KBSTAR 주식혼합|36,330
500051|신한 인버스 2X S&P500 선물 ETN|3,630
272230|KINDEX 스마트밸류|12,075
371150|KBSTAR 차이나항셍테크|6,565
500067|신한 레버리지 10년 국채선물 ETN|10,265
426330|KOSEF 미국ETF산업STOXX|9,510
277640|TIGER 코스피대형주|11,870
228820|TIGER KTOP30|8,365
322150|KINDEX 스마트하이베타|11,760
139320|TIGER 금은선물(H)|8,815
419170|HANARO 미국메타버스iSelect|9,355
000145|하이트진로홀딩스우|14,900
404650|SOL KRX기후변화솔루션|8,705
004545|깨끗한나라우|19,000
319870|KBSTAR KRX300미국달러선물혼합|13,915
195970|ARIRANG 선진국MSCI(합성 H)|9,920
368200|KBSTAR Fn K-뉴딜디지털플러스|8,670
004565|현대비앤지스틸우|62,700
322130|KINDEX 스마트로우볼|13,755
403990|KBSTAR KRX기후변화솔루션|8,575
005745|크라운해태홀딩스우|11,400
337120|KODEX Fn멀티팩터|11,410
008355|남선알미우|22,200
580034|KB 레버리지 FANG 플러스 ETN(H)|13,655
00781K|코리아써키트2우B|8,700
269530|ARIRANG S&P글로벌인프라|13,620
159800|마이티 코스피100|24,295
500068|신한 인버스 2X 10년 국채선물 ETN|9,715
251890|KINDEX 코스닥(합성)|11,330
006345|대원전선우|2,590
402520|FOCUS 혁신기업액티브|7,470
530073|삼성 HSCEI ETN(H)|6,710
407170|MASTER 스마트커머스액티브|7,845
266390|KODEX 경기소비재|9,525
315270|TIGER 200커뮤니케이션서비스|20,800
379790|KBSTAR 유로스탁스50(H)|9,475
001745|SK네트웍스우|57,900
001065|JW중외제약우|36,000
381570|HANARO Fn친환경에너지|8,210
427110|KBSTAR Fn창업투자회사|8,605
307510|TIGER 의료기기|16,320
304760|HANARO KRX300|14,500
371130|KINDEX 베트남VN30선물블룸버그레버리지(H)|13,030
192720|파워 고배당저변동성|27,015
117690|TIGER 차이나항셍25|14,400
261060|TIGER 코스닥150IT|13,445
304670|KODEX 미국채울트라30년선물인버스(H)|9,125
429740|ARIRANG Fn K리츠|8,510
411860|KOSEF 독일DAX|8,505
429870|히어로즈 리츠이지스액티브|8,460
333950|ARIRANG KS로우사이즈가중TR|14,080
570027|TRUE 인버스 2X 유로스탁스50 ETN(H)|3,165
530079|삼성 항셍테크 ETN(H)|6,255
238670|ARIRANG 스마트베타Quality채권혼합|10,395
238670|ARIRANG 스마트베타Quality채권혼합|10,395
314700|HANARO 농업융복합산업|11,285
105780|KBSTAR 5대그룹주|6,185
234310|KBSTAR V&S셀렉트밸류|12,350
226380|KINDEX Fn성장소비주도주|6,165
098560|TIGER 방송통신|8,720
432600|KBSTAR 국채선물3년|50,760
166400|TIGER 200커버드콜5%OTM|12,145
305050|KINDEX 코스피|24,280
570025|TRUE 인버스 유로스탁스50 ETN(H) B|6,055
253280|KBSTAR 헬스케어|12,100
610008|메리츠 레버리지 국채30년 ETN|6,040
394340|KOSEF 릭소글로벌디지털경제MSCI|7,545
291680|KBSTAR 차이나H선물인버스(H)|12,020
371870|KINDEX 차이나항셍테크|6,555
275280|KODEX MSCI모멘텀|9,730
147970|TIGER 모멘텀|20,845
298340|ARIRANG 국채선물3년|52,070
700003|하나 KRX BBIG K-뉴딜 ETN|5,820
580030|KB KOSDAQ 150 선물 ETN|8,290
000227|유유제약2우B|17,800
005965|동부건설우|25,600
580028|KB KOSPI 200 선물 ETN|8,245
415920|ARIRANG 글로벌희토류전략자원기업MV|8,200
322120|KINDEX 스마트퀄리티|14,285
261120|TIGER 미국달러선물인버스2X|7,140
342140|KINDEX 싱가포르리츠채권혼합모닝스타|9,470
289480|TIGER 200커버드콜ATM|9,425
291630|KOSEF 코스닥150선물레버리지|4,155
520005|미래에셋 인버스 전기전자 Core5 ETN|2,820
427120|KBSTAR Fn플랫폼테마|8,520
530085|삼성 KRX BBIG K-뉴딜 ETN|5,615
610005|메리츠 레버리지 KRX300 선물 ETN|5,600
011155|CJ씨푸드1우|27,850
243890|TIGER 200에너지화학레버리지|11,130
277650|TIGER 코스피중형주|13,875
291620|KOSEF 코스닥150선물인버스|8,945
226980|KODEX 200 중소형|11,075
290080|KBSTAR 200고배당커버드콜ATM|7,850
301410|ARIRANG 코스닥150선물인버스|7,780
570042|TRUE 인버스 나스닥 100 ETN|5,435
407300|HANARO Fn골프테마|7,250
391670|HK 베스트일레븐액티브|7,725
272220|KINDEX 스마트모멘텀|13,475
145670|KINDEX 인버스|5,975
227550|TIGER 200 산업재|5,950
334690|KBSTAR 팔라듐선물(H)|10,680
000545|흥국화재우|6,950
580032|KB 레버리지 구리 선물 ETN(H)|11,000
307520|TIGER 지주회사|9,630
419650|ARIRANG 글로벌수소&차세대연료전지MV|8,810
333940|ARIRANG KS로우볼가중TR|11,745
292770|KODEX 국채선물3년인버스|51,595
105010|TIGER 라틴35|3,500
299070|KINDEX 국채선물10년인버스|104,670
580026|KB 레버리지 은 선물 ETN(H)|10,460
253240|KOSEF 200선물인버스|6,300
510004|대신 인버스 아연선물 ETN(H)|7,425
426410|ARIRANG 미국대체투자Top10MV|10,370
299080|KINDEX 국채선물3년인버스|103,245
261920|KINDEX 필리핀MSCI(합성)|12,880
295820|ARIRANG 200동일가중|9,305
376250|ARIRANG 탄소효율그린뉴딜|7,820
215620|HK S&P코리아로우볼|11,285
346000|HANARO KAP초장기국고채|38,900
380340|KINDEX Fn5G플러스|7,225
140580|KBSTAR 우량업종|10,095
267440|KBSTAR 미국장기국채선물(H)|9,980
014915|성문전자우|8,200
580025|KB 레버리지 KRX 2차전지 K-뉴딜 ETN|4,855
530088|삼성 레버리지 KRX 2차전지 K-뉴딜 ETN|4,840
275300|KODEX MSCI퀄리티|7,990
550045|QV 인버스 레버리지 S&P500 ETN|2,395
220130|SOL 중국본토 중소형 CSI500(합성 H)|5,310
291890|KODEX MSCI EM선물(H)|7,880
404470|HANARO KRX기후변화솔루션|8,560
373490|KODEX K-이노베이션액티브|9,325
570031|TRUE 레버리지 HSCEI ETN(H)|4,630
000325|노루홀딩스우|24,950
139290|TIGER 200 경기소비재|15,385
321410|KODEX 멀티에셋하이인컴(H)|9,200
292340|마이티 200커버드콜ATM레버리지|7,600
002785|진흥기업우B|5,250
280940|KODEX 골드선물인버스(H)|7,490
391680|HK 하이볼액티브|7,400
252410|KBSTAR 200선물인버스|6,255
176950|KODEX 국채선물10년인버스|51,650
306530|HANARO 코스닥150선물레버리지|8,330
412560|TIGER KRX BBIG K-뉴딜레버리지|4,025
244660|KODEX 퀄리티Plus|8,420
227560|TIGER 200 생활소비재|8,755
281990|KBSTAR 중소형고배당|10,455
002787|진흥기업2우B|14,100
285010|KBSTAR 200중공업|8,645
139310|TIGER 금속선물(H)|5,915
001527|동양2우B|13,400
140570|KBSTAR 수출주|10,220
301440|ARIRANG 코스피중형주|10,125
530075|삼성 레버리지 HSCEI ETN(H)|4,025
217790|TIGER 가격조정|19,485
001525|동양우|6,300
267500|KBSTAR 미국장기국채선물인버스2X(합성 H)|7,735
333960|ARIRANG KS모멘텀가중TR|12,725
284980|KBSTAR 200금융|7,510
520011|미래에셋 인버스 원유선물혼합 ETN(H)|3,650
275750|KBSTAR 코스닥150선물인버스|5,165
157500|TIGER 증권|3,465
000547|흥국화재2우B|21,150
278420|ARIRANG ESG우수기업|8,120
333980|ARIRANG KS퀄리티가중TR|12,780
368470|KINDEX Fn K-뉴딜디지털플러스|10,365
266550|ARIRANG 중형주저변동50|10,000
580024|KB 레버리지 KRX BBIG K-뉴딜 ETN|2,945
530086|삼성 레버리지 KRX BBIG K-뉴딜 ETN|2,935
309210|ARIRANG KRX300헬스케어|9,545
334700|KBSTAR 팔라듐선물인버스(H)|4,720
700004|하나 레버리지 KRX BBIG K-뉴딜 ETN|2,830
267490|KBSTAR 미국장기국채선물레버리지(합성 H)|9,380
280920|ARIRANG 주도업종|7,745
252730|KBSTAR 모멘텀로우볼|13,275
287300|KBSTAR 200건설|9,730
500005|신한 인버스 브렌트원유 선물 ETN(H)|2,285
301400|ARIRANG 코스닥150|11,330
285020|KBSTAR 200철강소재|7,165
315480|KBSTAR 200커뮤니케이션서비스|12,950
252720|KBSTAR 모멘텀밸류|12,100
284990|KBSTAR 200에너지화학|10,025
287330|KBSTAR 200생활소비재|6,625
287320|KBSTAR 200산업재|10,810
287310|KBSTAR 200경기소비재|9,645
